DELETE FROM BOOK_CUSTOMER_ORDER;
DELETE FROM COFFEE_CUSTOMER_ORDER;
DELETE FROM AMAZON_INC;
DELETE FROM STARBUCKS_INC;
DELETE FROM CUSTOMER;
DELETE FROM MRT_TRANSIT_TRAFFIC;

INSERT INTO MRT_TRANSIT_TRAFFIC (STATION_ID,STATION_NAME,STATION_LINE,STATION_DEPARTURE_TIME,TRAFFIC_PEOPLE_QUANTITY) VALUES ('BR01','動物園','文湖線','2017-10-01 00:00:00',1200);
INSERT INTO MRT_TRANSIT_TRAFFIC (STATION_ID,STATION_NAME,STATION_LINE,STATION_DEPARTURE_TIME,TRAFFIC_PEOPLE_QUANTITY) VALUES ('BR02','木柵','文湖線','2017-11-01 00:00:00',980);
INSERT INTO MRT_TRANSIT_TRAFFIC (STATION_ID,STATION_NAME,STATION_LINE,STATION_DEPARTURE_TIME,TRAFFIC_PEOPLE_QUANTITY) VALUES ('BR07','六張犁','文湖線','2017-08-01 01:00:00',2300);
INSERT INTO MRT_TRANSIT_TRAFFIC (STATION_ID,STATION_NAME,STATION_LINE,STATION_DEPARTURE_TIME,TRAFFIC_PEOPLE_QUANTITY) VALUES ('R04','信義安和','淡水信義線','2017-10-01 00:00:00',1500);
INSERT INTO MRT_TRANSIT_TRAFFIC (STATION_ID,STATION_NAME,STATION_LINE,STATION_DEPARTURE_TIME,TRAFFIC_PEOPLE_QUANTITY) VALUES ('R06','大安森林公園','淡水信義線','2017-11-01 00:00:00',1700);
INSERT INTO MRT_TRANSIT_TRAFFIC (STATION_ID,STATION_NAME,STATION_LINE,STATION_DEPARTURE_TIME,TRAFFIC_PEOPLE_QUANTITY) VALUES ('R09','台大醫院','淡水信義線','2017-12-01 00:00:00',600);
INSERT INTO MRT_TRANSIT_TRAFFIC (STATION_ID,STATION_NAME,STATION_LINE,STATION_DEPARTURE_TIME,TRAFFIC_PEOPLE_QUANTITY) VALUES ('G02','新店區公所','松山新店線','2017-06-01 00:00:00',1150);
INSERT INTO MRT_TRANSIT_TRAFFIC (STATION_ID,STATION_NAME,STATION_LINE,STATION_DEPARTURE_TIME,TRAFFIC_PEOPLE_QUANTITY) VALUES ('G04','大坪林','松山新店線','2017-11-01 00:00:00',760);
INSERT INTO MRT_TRANSIT_TRAFFIC (STATION_ID,STATION_NAME,STATION_LINE,STATION_DEPARTURE_TIME,TRAFFIC_PEOPLE_QUANTITY) VALUES ('G10','中正紀念堂','松山新店線','2017-12-01 00:00:00',2250);
INSERT INTO MRT_TRANSIT_TRAFFIC (STATION_ID,STATION_NAME,STATION_LINE,STATION_DEPARTURE_TIME,TRAFFIC_PEOPLE_QUANTITY) VALUES ('BL11','西門','板南線','2017-10-01 00:00:00',600);
INSERT INTO MRT_TRANSIT_TRAFFIC (STATION_ID,STATION_NAME,STATION_LINE,STATION_DEPARTURE_TIME,TRAFFIC_PEOPLE_QUANTITY) VALUES ('BL11','西門','板南線','2017-11-01 00:00:00',450);
INSERT INTO MRT_TRANSIT_TRAFFIC (STATION_ID,STATION_NAME,STATION_LINE,STATION_DEPARTURE_TIME,TRAFFIC_PEOPLE_QUANTITY) VALUES ('BL16','忠孝敦化','板南線','2017-11-01 00:00:00',760);

INSERT INTO CUSTOMER (CUS_IDENTIFIER_ID,CUS_NAME,CUS_SEX,CUS_AGE,CUS_PHONE_ENUMBER,IS_DIFFICULT_CUS) VALUES ('A000000007','馬超','男','32','0910293049','1');
INSERT INTO CUSTOMER (CUS_IDENTIFIER_ID,CUS_NAME,CUS_SEX,CUS_AGE,CUS_PHONE_ENUMBER,IS_DIFFICULT_CUS) VALUES ('B000000012','孫尚香','女','23','0973483946','1');
INSERT INTO CUSTOMER (CUS_IDENTIFIER_ID,CUS_NAME,CUS_SEX,CUS_AGE,CUS_PHONE_ENUMBER,IS_DIFFICULT_CUS) VALUES ('F000000065','孟獲','男','45','0912109434','1');
INSERT INTO CUSTOMER (CUS_IDENTIFIER_ID,CUS_NAME,CUS_SEX,CUS_AGE,CUS_PHONE_ENUMBER,IS_DIFFICULT_CUS) VALUES ('T134234647','劉備','男','45','0913123426','0');
INSERT INTO CUSTOMER (CUS_IDENTIFIER_ID,CUS_NAME,CUS_SEX,CUS_AGE,CUS_PHONE_ENUMBER,IS_DIFFICULT_CUS) VALUES ('A123213967','曹操','男','52','0923910594','0');
INSERT INTO CUSTOMER (CUS_IDENTIFIER_ID,CUS_NAME,CUS_SEX,CUS_AGE,CUS_PHONE_ENUMBER,IS_DIFFICULT_CUS) VALUES ('Y140394950','孫權','男','47','0910293403','0');
INSERT INTO CUSTOMER (CUS_IDENTIFIER_ID,CUS_NAME,CUS_SEX,CUS_AGE,CUS_PHONE_ENUMBER,IS_DIFFICULT_CUS) VALUES ('F123423426','諸葛亮','男','35','0939485948','0');
INSERT INTO CUSTOMER (CUS_IDENTIFIER_ID,CUS_NAME,CUS_SEX,CUS_AGE,CUS_PHONE_ENUMBER,IS_DIFFICULT_CUS) VALUES ('U192039489','典韋','男','22','0923948288','0');
INSERT INTO CUSTOMER (CUS_IDENTIFIER_ID,CUS_NAME,CUS_SEX,CUS_AGE,CUS_PHONE_ENUMBER,IS_DIFFICULT_CUS) VALUES ('T323504933','郭嘉','男','33','0910293042','0');
INSERT INTO CUSTOMER (CUS_IDENTIFIER_ID,CUS_NAME,CUS_SEX,CUS_AGE,CUS_PHONE_ENUMBER,IS_DIFFICULT_CUS) VALUES ('B122123109','黃忠','男','56','0928777849','0');
INSERT INTO CUSTOMER (CUS_IDENTIFIER_ID,CUS_NAME,CUS_SEX,CUS_AGE,CUS_PHONE_ENUMBER,IS_DIFFICULT_CUS) VALUES ('Y203948377','貂蟬','女','23','0919288890','0');
INSERT INTO CUSTOMER (CUS_IDENTIFIER_ID,CUS_NAME,CUS_SEX,CUS_AGE,CUS_PHONE_ENUMBER,IS_DIFFICULT_CUS) VALUES ('T323504958','張飛','男','34','0928394839','1');
INSERT INTO CUSTOMER (CUS_IDENTIFIER_ID,CUS_NAME,CUS_SEX,CUS_AGE,CUS_PHONE_ENUMBER,IS_DIFFICULT_CUS) VALUES ('F121668855','呂布','男','34','0976787887','0');

INSERT INTO AMAZON_INC (STORE_ID,STORE_NAME,STORE_ADDR,STORE_BOOK_SALE_TYPE,STORE_MRT) VALUES ('A01','動物園門市','台北市中正區忠孝東路一段31號1樓','資訊類','BR01');
INSERT INTO AMAZON_INC (STORE_ID,STORE_NAME,STORE_ADDR,STORE_BOOK_SALE_TYPE,STORE_MRT) VALUES ('A02','木柵門市','新北市板橋區忠孝路 31號','投資理財類','BR02');
INSERT INTO AMAZON_INC (STORE_ID,STORE_NAME,STORE_ADDR,STORE_BOOK_SALE_TYPE,STORE_MRT) VALUES ('A03','六張犁門市','新北市汐止區湖前街78','考試升學類','BR07');
INSERT INTO AMAZON_INC (STORE_ID,STORE_NAME,STORE_ADDR,STORE_BOOK_SALE_TYPE,STORE_MRT) VALUES ('A04','信義安和門市','桃園市中壢區元化路305號','資訊類','R04');
INSERT INTO AMAZON_INC (STORE_ID,STORE_NAME,STORE_ADDR,STORE_BOOK_SALE_TYPE,STORE_MRT) VALUES ('A06','台大醫院門市','桃園市中壢區高速鐵路高鐵北路一段6號','考試升學類','R09');
INSERT INTO AMAZON_INC (STORE_ID,STORE_NAME,STORE_ADDR,STORE_BOOK_SALE_TYPE,STORE_MRT) VALUES ('A07','新店區公所門市','新竹市東區研新二路6號','資訊類','G02');
INSERT INTO AMAZON_INC (STORE_ID,STORE_NAME,STORE_ADDR,STORE_BOOK_SALE_TYPE,STORE_MRT) VALUES ('A09','中正紀念堂門市','新竹市東區關新路38號','考試升學類','G10');
INSERT INTO AMAZON_INC (STORE_ID,STORE_NAME,STORE_ADDR,STORE_BOOK_SALE_TYPE,STORE_MRT) VALUES ('A10','西門門市','基隆市中正區義一路14號','資訊類','BL11');
INSERT INTO AMAZON_INC (STORE_ID,STORE_NAME,STORE_ADDR,STORE_BOOK_SALE_TYPE,STORE_MRT) VALUES ('A11','忠孝敦化門市','基隆市仁愛區港西街6之2號','投資理財類','BL16');

INSERT INTO STARBUCKS_INC (STORE_ID,STORE_NAME,STORE_ADDR,STORE_TYPE,STORE_MRT) VALUES ('S01','動物園門市','台北市中正區忠孝東路一段31號1樓','Starbucks Reserve','BR01');
INSERT INTO STARBUCKS_INC (STORE_ID,STORE_NAME,STORE_ADDR,STORE_TYPE,STORE_MRT) VALUES ('S02','木柵門市','新北市板橋區忠孝路 31號','Drive Thru','BR02');
INSERT INTO STARBUCKS_INC (STORE_ID,STORE_NAME,STORE_ADDR,STORE_TYPE,STORE_MRT) VALUES ('S03','六張犁門市','新北市汐止區湖前街78','FIZZIO','BR07');
INSERT INTO STARBUCKS_INC (STORE_ID,STORE_NAME,STORE_ADDR,STORE_TYPE,STORE_MRT) VALUES ('S04','信義安和門市','桃園市中壢區元化路305號','Starbucks Reserve','R04');
INSERT INTO STARBUCKS_INC (STORE_ID,STORE_NAME,STORE_ADDR,STORE_TYPE,STORE_MRT) VALUES ('S05','大安森林公園門市','桃園市中壢區春德路189號 1樓','Drive Thru','R06');
INSERT INTO STARBUCKS_INC (STORE_ID,STORE_NAME,STORE_ADDR,STORE_TYPE,STORE_MRT) VALUES ('S06','台大醫院門市','桃園市中壢區高速鐵路高鐵北路一段6號','FIZZIO','R09');
INSERT INTO STARBUCKS_INC (STORE_ID,STORE_NAME,STORE_ADDR,STORE_TYPE,STORE_MRT) VALUES ('S07','新店區公所門市','新竹市東區研新二路6號','Starbucks Reserve','G02');
INSERT INTO STARBUCKS_INC (STORE_ID,STORE_NAME,STORE_ADDR,STORE_TYPE,STORE_MRT) VALUES ('S08','大坪林門市','新竹市東區科學園區園區二路188號','Drive Thru','G04');
INSERT INTO STARBUCKS_INC (STORE_ID,STORE_NAME,STORE_ADDR,STORE_TYPE,STORE_MRT) VALUES ('S09','中正紀念堂門市','新竹市東區關新路38號','FIZZIO','G10');
INSERT INTO STARBUCKS_INC (STORE_ID,STORE_NAME,STORE_ADDR,STORE_TYPE,STORE_MRT) VALUES ('S10','西門門市','基隆市中正區義一路14號','Starbucks Reserve','BL11');
INSERT INTO STARBUCKS_INC (STORE_ID,STORE_NAME,STORE_ADDR,STORE_TYPE,STORE_MRT) VALUES ('S11','忠孝敦化門市','基隆市仁愛區港西街6之2號','Drive Thru','BL16');

INSERT INTO BOOK_CUSTOMER_ORDER (ORDER_NO,ORDER_DATE,ORDER_AMOUNT,BUY_BOOK_TYPE,CUS_IDENTIFIER_ID,BOOK_STORE_ID) VALUES ('AB001','2017-06-14 00:00:00',2400,'資訊類','T134234647','A01');
INSERT INTO BOOK_CUSTOMER_ORDER (ORDER_NO,ORDER_DATE,ORDER_AMOUNT,BUY_BOOK_TYPE,CUS_IDENTIFIER_ID,BOOK_STORE_ID) VALUES ('AB002','2017-11-07 00:00:00',1200,'法律類','T134234647','A01');
INSERT INTO BOOK_CUSTOMER_ORDER (ORDER_NO,ORDER_DATE,ORDER_AMOUNT,BUY_BOOK_TYPE,CUS_IDENTIFIER_ID,BOOK_STORE_ID) VALUES ('AB003','2017-10-07 00:00:00',1450,'生命教育類','A123213967','A01');
INSERT INTO BOOK_CUSTOMER_ORDER (ORDER_NO,ORDER_DATE,ORDER_AMOUNT,BUY_BOOK_TYPE,CUS_IDENTIFIER_ID,BOOK_STORE_ID) VALUES ('AB004','2017-12-07 00:00:00',1800,'動漫類','A123213967','A01');
INSERT INTO BOOK_CUSTOMER_ORDER (ORDER_NO,ORDER_DATE,ORDER_AMOUNT,BUY_BOOK_TYPE,CUS_IDENTIFIER_ID,BOOK_STORE_ID) VALUES ('AB005','2017-11-01 00:00:00',1600,'投資理財類','Y140394950','A03');
INSERT INTO BOOK_CUSTOMER_ORDER (ORDER_NO,ORDER_DATE,ORDER_AMOUNT,BUY_BOOK_TYPE,CUS_IDENTIFIER_ID,BOOK_STORE_ID) VALUES ('AB006','2017-11-19 00:00:00',1000,'資訊類','Y140394950','A03');
INSERT INTO BOOK_CUSTOMER_ORDER (ORDER_NO,ORDER_DATE,ORDER_AMOUNT,BUY_BOOK_TYPE,CUS_IDENTIFIER_ID,BOOK_STORE_ID) VALUES ('AB007','2017-10-08 00:00:00',1300,'法律類','F123423426','A04');
INSERT INTO BOOK_CUSTOMER_ORDER (ORDER_NO,ORDER_DATE,ORDER_AMOUNT,BUY_BOOK_TYPE,CUS_IDENTIFIER_ID,BOOK_STORE_ID) VALUES ('AB008','2017-10-09 00:00:00',1300,'生命教育類','F123423426','A04');
INSERT INTO BOOK_CUSTOMER_ORDER (ORDER_NO,ORDER_DATE,ORDER_AMOUNT,BUY_BOOK_TYPE,CUS_IDENTIFIER_ID,BOOK_STORE_ID) VALUES ('AB009','2017-10-10 00:00:00',1700,'動漫類','F123423426','A02');
INSERT INTO BOOK_CUSTOMER_ORDER (ORDER_NO,ORDER_DATE,ORDER_AMOUNT,BUY_BOOK_TYPE,CUS_IDENTIFIER_ID,BOOK_STORE_ID) VALUES ('AB010','2017-04-03 00:00:00',1200,'投資理財類','U192039489','A10');
INSERT INTO BOOK_CUSTOMER_ORDER (ORDER_NO,ORDER_DATE,ORDER_AMOUNT,BUY_BOOK_TYPE,CUS_IDENTIFIER_ID,BOOK_STORE_ID) VALUES ('AB011','2017-11-04 00:00:00',1050,'資訊類','U192039489','A10');
INSERT INTO BOOK_CUSTOMER_ORDER (ORDER_NO,ORDER_DATE,ORDER_AMOUNT,BUY_BOOK_TYPE,CUS_IDENTIFIER_ID,BOOK_STORE_ID) VALUES ('AB012','2017-11-03 00:00:00',1300,'法律類','B000000012','A10');
INSERT INTO BOOK_CUSTOMER_ORDER (ORDER_NO,ORDER_DATE,ORDER_AMOUNT,BUY_BOOK_TYPE,CUS_IDENTIFIER_ID,BOOK_STORE_ID) VALUES ('AB013','2017-06-07 00:00:00',3350,'生命教育類','T323504933','A09');
INSERT INTO BOOK_CUSTOMER_ORDER (ORDER_NO,ORDER_DATE,ORDER_AMOUNT,BUY_BOOK_TYPE,CUS_IDENTIFIER_ID,BOOK_STORE_ID) VALUES ('AB014','2017-12-17 00:00:00',650,'動漫類','B122123109','A09');
INSERT INTO BOOK_CUSTOMER_ORDER (ORDER_NO,ORDER_DATE,ORDER_AMOUNT,BUY_BOOK_TYPE,CUS_IDENTIFIER_ID,BOOK_STORE_ID) VALUES ('AB015','2017-12-27 00:00:00',1500,'投資理財類','B122123109','A09');
INSERT INTO BOOK_CUSTOMER_ORDER (ORDER_NO,ORDER_DATE,ORDER_AMOUNT,BUY_BOOK_TYPE,CUS_IDENTIFIER_ID,BOOK_STORE_ID) VALUES ('AB016','2017-11-03 00:00:00',2500,'資訊類','Y203948377','A10');

INSERT INTO COFFEE_CUSTOMER_ORDER (ORDER_NO,ORDER_DATE,ORDER_AMOUNT,BUY_GOODS_TYPE,CUS_IDENTIFIER_ID,COFFEE_STORE_ID) VALUES ('SC017','2017-10-11 00:00:00',777,'飲品','B122123109','S07');
INSERT INTO COFFEE_CUSTOMER_ORDER (ORDER_NO,ORDER_DATE,ORDER_AMOUNT,BUY_GOODS_TYPE,CUS_IDENTIFIER_ID,COFFEE_STORE_ID) VALUES ('SC018','2017-12-22 00:00:00',850,'飲品','F123423426','S07');
INSERT INTO COFFEE_CUSTOMER_ORDER (ORDER_NO,ORDER_DATE,ORDER_AMOUNT,BUY_GOODS_TYPE,CUS_IDENTIFIER_ID,COFFEE_STORE_ID) VALUES ('SC019','2017-10-09 00:00:00',1350,'飲品','Y203948377','S10');
INSERT INTO COFFEE_CUSTOMER_ORDER (ORDER_NO,ORDER_DATE,ORDER_AMOUNT,BUY_GOODS_TYPE,CUS_IDENTIFIER_ID,COFFEE_STORE_ID) VALUES ('SC001','2017-10-14 00:00:00',400,'飲品','T134234647','S01');
INSERT INTO COFFEE_CUSTOMER_ORDER (ORDER_NO,ORDER_DATE,ORDER_AMOUNT,BUY_GOODS_TYPE,CUS_IDENTIFIER_ID,COFFEE_STORE_ID) VALUES ('SC002','2017-11-07 00:00:00',200,'甜品','T134234647','S01');
INSERT INTO COFFEE_CUSTOMER_ORDER (ORDER_NO,ORDER_DATE,ORDER_AMOUNT,BUY_GOODS_TYPE,CUS_IDENTIFIER_ID,COFFEE_STORE_ID) VALUES ('SC003','2017-10-07 00:00:00',450,'飲品','A123213967','S01');
INSERT INTO COFFEE_CUSTOMER_ORDER (ORDER_NO,ORDER_DATE,ORDER_AMOUNT,BUY_GOODS_TYPE,CUS_IDENTIFIER_ID,COFFEE_STORE_ID) VALUES ('SC004','2017-12-07 00:00:00',800,'甜品','A123213967','S01');
INSERT INTO COFFEE_CUSTOMER_ORDER (ORDER_NO,ORDER_DATE,ORDER_AMOUNT,BUY_GOODS_TYPE,CUS_IDENTIFIER_ID,COFFEE_STORE_ID) VALUES ('SC005','2017-11-01 00:00:00',600,'飲品','Y140394950','S03');
INSERT INTO COFFEE_CUSTOMER_ORDER (ORDER_NO,ORDER_DATE,ORDER_AMOUNT,BUY_GOODS_TYPE,CUS_IDENTIFIER_ID,COFFEE_STORE_ID) VALUES ('SC006','2017-11-19 00:00:00',1000,'甜品','Y140394950','S03');
INSERT INTO COFFEE_CUSTOMER_ORDER (ORDER_NO,ORDER_DATE,ORDER_AMOUNT,BUY_GOODS_TYPE,CUS_IDENTIFIER_ID,COFFEE_STORE_ID) VALUES ('SC007','2017-10-08 00:00:00',300,'飲品','F123423426','S04');
INSERT INTO COFFEE_CUSTOMER_ORDER (ORDER_NO,ORDER_DATE,ORDER_AMOUNT,BUY_GOODS_TYPE,CUS_IDENTIFIER_ID,COFFEE_STORE_ID) VALUES ('SC008','2017-10-09 00:00:00',300,'飲品','F123423426','S04');
INSERT INTO COFFEE_CUSTOMER_ORDER (ORDER_NO,ORDER_DATE,ORDER_AMOUNT,BUY_GOODS_TYPE,CUS_IDENTIFIER_ID,COFFEE_STORE_ID) VALUES ('SC009','2017-10-10 00:00:00',700,'甜品','F123423426','S02');
INSERT INTO COFFEE_CUSTOMER_ORDER (ORDER_NO,ORDER_DATE,ORDER_AMOUNT,BUY_GOODS_TYPE,CUS_IDENTIFIER_ID,COFFEE_STORE_ID) VALUES ('SC010','2017-11-03 00:00:00',1200,'飲品','U192039489','S10');
INSERT INTO COFFEE_CUSTOMER_ORDER (ORDER_NO,ORDER_DATE,ORDER_AMOUNT,BUY_GOODS_TYPE,CUS_IDENTIFIER_ID,COFFEE_STORE_ID) VALUES ('SC011','2017-11-04 00:00:00',100,'甜品','U192039489','S10');
INSERT INTO COFFEE_CUSTOMER_ORDER (ORDER_NO,ORDER_DATE,ORDER_AMOUNT,BUY_GOODS_TYPE,CUS_IDENTIFIER_ID,COFFEE_STORE_ID) VALUES ('SC012','2017-11-03 00:00:00',1300,'飲品','B000000012','S10');
INSERT INTO COFFEE_CUSTOMER_ORDER (ORDER_NO,ORDER_DATE,ORDER_AMOUNT,BUY_GOODS_TYPE,CUS_IDENTIFIER_ID,COFFEE_STORE_ID) VALUES ('SC013','2017-06-07 00:00:00',1350,'甜品','T323504958','S08');
INSERT INTO COFFEE_CUSTOMER_ORDER (ORDER_NO,ORDER_DATE,ORDER_AMOUNT,BUY_GOODS_TYPE,CUS_IDENTIFIER_ID,COFFEE_STORE_ID) VALUES ('SC014','2017-12-17 00:00:00',600,'飲品','F121668855','S09');
INSERT INTO COFFEE_CUSTOMER_ORDER (ORDER_NO,ORDER_DATE,ORDER_AMOUNT,BUY_GOODS_TYPE,CUS_IDENTIFIER_ID,COFFEE_STORE_ID) VALUES ('SC015','2017-12-27 00:00:00',150,'甜品','F121668855','S09');
INSERT INTO COFFEE_CUSTOMER_ORDER (ORDER_NO,ORDER_DATE,ORDER_AMOUNT,BUY_GOODS_TYPE,CUS_IDENTIFIER_ID,COFFEE_STORE_ID) VALUES ('SC016','2017-11-06 00:00:00',666,'甜品','T134234647','S07');

